Treatment,Common_Cause_1,Common_Cause_2,Outcome
1,-0.1016972745548716,1.0013310173467296,0.553312175715838
1,0.019279384513077216,0.597212504403425,0.4973749321825395
1,1.8495912466796365,-0.8152756611364586,0.7873406098386133
1,-0.21416665620008424,1.801213990808535,0.874983295480231
0,-0.4990166379941829,0.21524046763961147,0.0035713585884698806
1,0.02135122384354861,-1.0063655216785503,0.2354249555813362
0,-0.9191134448699437,-0.182904980856951,-0.2915816250278044
1,0.19275384906521617,0.8962484253561593,0.8129915073016202
1,-0.36505521654625767,0.007617498318158107,0.40206335500947066
0,-1.7913275480411837,0.886864686582761,-0.4555196028575267
1,-0.05858655113386085,1.1036939574621503,0.5561226526384636
1,-0.31754309393019925,0.40053068459870617,0.5858859640532323
1,-1.6324233020679833,-0.857702623046894,-0.1116495740009357
1,-0.06713415461452177,0.13545466318998053,0.564646275593505
0,1.4893559620744803,0.045165855938831004,0.34507526972000724
0,0.5213037482757137,1.8593463338516283,0.551758110541945
0,0.6119271927311578,-1.62632193782683,-0.07878627100033653
1,-1.3414967255830426,-0.13482245109435406,0.10198987647093098
1,0.4768983689222224,-0.5840935467949193,0.45174847963691395
1,0.14844958138007808,0.3351056201959989,0.7127820494597568
1,0.5290452383344316,-2.437564359199356,0.01843750484258086
1,0.42262862170882565,1.11492455949028,0.9426476908913979
0,-1.3597807255038137,0.013748487335533657,-0.29707892577533
1,-0.04140081155796743,-1.8447011636280461,0.275872555560523
0,-0.757870860425166,-0.3611131347398661,-0.3338331041005673
1,-0.05008409428482209,0.6089623416545242,0.5068242383893062
0,-0.8974009269018305,-1.5914478754580315,-0.5081218169313174
1,1.3124703671409963,0.003222216443155699,0.8244640255222326
1,-0.8589723884443423,-1.05747364780153,0.035213105050790165
0,-0.898942156465536,-0.5559850318789673,-0.4126258750314615
0,0.07458640654355353,0.02673838267463693,-0.06248359864331504
1,-1.0770990694039948,0.1834502535815763,0.24566027651360597
0,-0.4246633024328657,-0.47074249818272723,-0.36074908202220873
1,-0.8299645975379619,0.27279638953026414,0.3647904668090683
0,1.4111720638896117,0.8179776072548057,0.49025403177217125
1,0.7858038268311726,-0.2789142751032398,0.5067851583819112
1,-0.057469518465394644,1.4315677574492909,0.7640619500712106
1,-0.39121705217401626,1.4622141707804195,0.7182411037850013
1,0.9409176145751134,-0.42870206558582885,0.7542283309606908
1,0.40520408032288807,-0.6378405564735843,0.5758284858848657
0,0.4980524046828567,-1.6641729851661735,-0.4187829155974191
0,-0.026192237344250482,-0.12656933163938985,-0.13368598062682027
1,-1.6882300277714322,-0.3634377801160514,-0.06849133490433668
0,-0.11246598255955272,0.7790512201329916,0.2739707772523471
1,-0.5324899192090677,-1.5096616060682988,0.11669515239109268
1,0.6450552734598769,-0.27739139174310984,0.8281723088741524
0,1.011842432994189,0.9687443931111454,0.44480766622908585
0,-0.6579510447611686,-0.7303570955579599,-0.3160150330117417
0,0.46838523427705164,-0.7623615367276093,-0.12195381781933709
0,1.7358789976857132,-1.4469403347558085,0.1909404103921523
1,-0.667712720570559,2.6205738460182393,0.7502713812041828
0,1.6819217400731377,-0.7474731780653794,0.29168302047719324
1,-0.852585847170647,-1.3003468322183391,-0.05519003271342826
0,0.022959755607951444,-0.80385040403152,-0.15361040013485047
0,-0.011145611841841251,-0.7742950804868045,-0.15598143319826488
0,0.011498899870062375,-0.2693897784512403,0.003917058229043195
1,-0.8376780419079453,0.8253722320875148,0.42776988058380533
0,-0.5911831037644297,-0.2983231689958337,-0.2714241278134582
0,-0.6677202863593994,-0.9228233149968279,-0.43713860306038005
0,0.3269625954044574,-1.4513384981910251,-0.22289209303273624
0,0.33003511451031164,0.02185735821987137,0.05847829185237122
0,2.225944331738259,0.04253907402979072,0.7253882198456338
1,1.3709890062911214,1.5309323510288246,1.3040356911602276
0,-0.5098432421384791,0.09244773546980858,-0.0070589717528735385
0,0.32486961579618606,-0.09900831128407737,-0.0021110535120013874
0,0.9971179807917595,-1.0506538365874896,0.13594184945390492
1,0.030601824338517807,-0.3059525750983919,0.3085220681226094
0,-0.06964157844693558,-0.43847445803460605,-0.07126989331574407
1,0.05157494276988904,-0.37016416451370254,0.5497068781373327
0,0.8672766288084278,-0.9592553926405882,0.05337295994771114
1,-0.8483205228052325,0.5383296032761768,0.46043336853955297
0,-0.32566946882017417,-0.14244541750936937,-0.2400467111794738
1,0.47043314484648185,-0.2003534800049874,0.5121947191437835
1,0.3114470715541555,-1.7140461160489964,0.2370439139920787
1,0.23958275985639133,0.4936440875248639,0.7728246809204725
0,-0.3698011663038032,0.48701532598037944,-0.055280230329263894
0,0.9725357891425369,-0.8391294028422137,0.07857954608344084
0,2.1338682472045374,0.9901213838791937,0.739021915099398
0,0.4064154936762062,-1.3647582300824324,-0.13073889346936246
0,-0.1931767015498399,-0.021869908789079875,0.06234252186667562
0,0.7557402888945426,-0.2712073398901639,0.24254862959969925
0,-0.53913263675299,-1.3171747888057943,-0.35550968335342936
0,-0.7496903447028966,0.18970261207999575,-0.20766402848723622
1,0.0328087476137118,1.7025701522417913,0.7940257188060803
1,-2.5827966329699446,0.06763423006691976,-0.19358755223596236
0,-1.1539503636520094,-0.46302175410905094,-0.44198056748082704
1,-0.34796185592084583,0.44702415688567826,0.46765545102894374
0,-1.3533888581477134,0.10571999546715494,-0.2950485961105214
1,-1.0326431018921296,0.027762131625501486,0.17598075059018847
1,-0.4367483374580074,-0.42554221277144805,0.2000894302697876
0,-1.6429652935306092,1.4219755592924648,-0.11757562666759311
1,-0.4060717962598319,0.4563633634807854,0.4775231228615942
0,-0.5352701645328445,-0.5286706589354886,-0.3700181155318203
1,0.025405208385016018,-0.10800383678095793,0.3747302056721516
0,1.1541840304940192,-0.7408667042040726,0.20762305589007787
0,0.1725044164928659,-0.608291150081495,0.16383406107938833
1,0.021062021342063624,-0.640725724190199,0.33889140120995837
0,0.09945445703071175,-1.1343115937222275,-0.23065336754378984
1,0.22739277512112846,0.7772769637679554,0.8760503450516349
0,-1.016738648609769,-0.29104146327302577,-0.36895800721658734
1,-0.11477532477079817,0.5541275783267697,0.43154623190931574
0,0.3087512418366131,-0.6701258977272965,-0.1986794522492927
1,-1.3707599825430605,-0.06036249439233865,0.19936590373736213
1,0.8656529228158533,-0.7110405967911112,0.6841232117115525
0,1.0813760344581897,0.7196681705373317,0.5509590152880426
1,-0.6313759884493888,-0.24841930670503823,0.25512768628630444
1,-0.24133779145310455,-0.7308735859513859,0.2087527427755117
1,-0.8781903428100731,-1.6417032288097841,-0.1135140601773955
0,0.6993804835878171,0.2756665493407744,0.27855057668193767
1,-1.0612222874459092,-0.7083850523381071,-0.043874812271264274
0,-0.2224770102429203,-0.015779217120995174,-0.013753955541962445
1,-0.8589199078076716,-0.4917301080135276,0.018018389175020882
1,0.050954277011289496,0.9541895808987649,0.6728483228256175
0,-1.794229271489721,0.544144752358008,-0.44984061822296495
1,1.3264616423656934,0.4472120874548315,0.9182789288831374
0,-0.964606424206264,-0.6161211233234792,-0.6331566874285572
1,0.05989468311627605,0.4662900435501895,0.6560133800560459
1,-0.2125230447703092,1.714831608676043,0.7036343322600892
1,-0.7621145119224981,-0.832186034150062,0.2374992355256753
1,-0.8877801366359354,0.17233913922918878,0.2339355590866519
1,0.9363985435524596,-1.649216974417132,0.39694020933918933
1,-0.5256405931019397,1.3985620921255355,0.631172435172413
1,0.2711701846373109,-0.3979120985908414,0.6071126105360698
1,-0.8014968853943748,0.7825788808419775,0.3597259442382661
0,-0.6471814318477607,-1.723228250716323,-0.4373263102146151
1,0.47224715008784873,1.7975393871259047,1.1452123865532977
0,0.9304084961111163,-0.35687152802559846,0.30678052429380975
0,-0.17531640232701995,0.5456573234700275,0.21917969309512525
1,-1.4219198716404369,0.1508182063325938,0.23285228187563456
0,1.9979560797500047,-0.2554707861877694,0.6997808960767482
1,-0.8565493082342095,1.6857923026593036,0.740626300003162
0,-1.5415873996717875,-1.6480462063661798,-0.7712785082117758
0,2.594424587768152,0.29871365999200894,0.7951477183716275
0,-0.40403229385093714,0.9106456722299703,-0.16530491723366764
1,-1.4617326882614081,-0.029856121636366265,-0.07676434275787528
1,-0.6834397667886818,-0.1181707843665918,0.22650563317419753
1,0.36754489602226903,-0.14268771207346503,0.5435524176679312
1,0.1903115575939397,-1.227636420410408,0.29628673685589163
1,-0.85172919725359,0.03812738409493465,0.15203066861803496
0,1.8227236001279594,0.5127175234723987,0.4897828235887362
1,-0.5215796779933731,0.06859922748066052,0.3442236254514475
0,-1.184686590411552,-0.2722761011450806,-0.42880299023366075
0,0.9606933984606597,-0.48972502237302673,0.10950761090860595
1,1.3290628465396823,-0.27929666927837216,0.7686443039411918
1,-0.8174930976162265,1.2577442174960383,0.41228525502709906
1,-1.4013472930393105,-2.0866349794205425,-0.37738355769753346
0,1.0304382674156047,0.040071456547775455,0.23151548883471137
1,-2.0473236130579617,-0.32775491729641676,-0.05376053422497026
1,-1.2266216593966155,1.4558079518368434,0.4472747657528962
1,0.967446150050235,0.05549222544380277,0.7041004983011794
0,-0.05535254802238957,1.484925598699954,0.2523345771865285
1,-0.26393734859268786,-2.123890018045559,-0.12198776882203727
0,0.35281660649437835,0.4595849048340562,0.2989787924326035
1,-0.15277442354540868,0.28005786003768013,0.6485979174019955
0,-1.2986867221630902,1.390533967073938,0.01370097504116366
1,1.2760753460061875,-1.6413486088230291,0.44008361891299075
1,1.3250140528868153,-0.1550358081183258,0.8573703522697619
1,0.2053325637779597,0.06606026178649259,0.5346547539393949
0,0.045134015432010274,-0.4957954945452093,-0.029417583688020624
0,2.339624806020058,1.2165777137429403,0.8444120042262157
1,-0.2764328450158372,-0.3386821854453976,0.2817445400060677
0,-0.25957698183403943,2.0347625440211536,0.28775771141883805
1,0.36448124924050557,1.0541779089389227,0.8355088034731786
1,1.4713219561423383,0.9508336970037996,1.2009761970572501
1,1.5927707544174836,0.5592989813908843,1.0568182533297612
1,-0.25857263167677125,-1.063695591025548,0.2760855998444812
0,0.30833124595934525,-0.4310963375107571,0.08848774196536593
0,-1.3780834670640771,0.5727513668572158,-0.32019629043496206
1,-0.31197610791621294,0.6775570335877171,0.41735276105611985
0,-0.8402903954793065,1.3071838450812574,-0.1077693831709545
1,-1.0068317522989838,-0.46744100962590635,0.16363496990028042
0,1.6815767162673276,-0.8601533849246632,0.2848198942637986
0,-0.7922866618061449,0.8591041927855306,-0.23712809225298284
0,-0.5316059080114549,-0.8096265760401127,-0.26011185079315896
1,0.3658487879168582,0.8733118360704122,0.7973724556437618
0,1.2978252669735855,1.1997361764150378,0.4886981072608204
0,0.4811151263888354,0.45615303582705535,0.3535071432023263
1,2.759355114021582,-0.3575790319685979,1.33995432652853
1,-0.07466797825114957,0.04108222614387957,0.49969057688244894
0,0.25871644022974605,0.5934659196032391,0.06887617921612996
0,0.27560067398405635,0.010185518712073464,-0.055515747350896705
1,1.4350493867891545,2.1982963386704926,1.3394672350867012
1,0.5072389511096153,-0.9906709306271492,0.2826459602524258
0,-0.1162297003871491,-1.002668587369791,-0.1948946002716544
1,-0.9474885949068795,-0.9768953867353252,-0.12070798715716258
1,0.24444345596163258,-0.5895799225452156,0.47190832520491655
1,1.4013448312919596,-2.1789315201949093,0.45580400007593336
1,-0.4103817936578706,-0.6296504269401813,0.32213390332430697
1,0.5289436184165822,-0.653284701927889,0.43423138561324803
0,0.24614778868484416,0.07851402517417629,0.1169200865927609
0,0.8635196583813146,0.41780058320608143,0.20313199487214637
0,-0.8047537406378693,-1.2402163364077703,-0.40991443429597413
0,2.3466470305265617,0.9000542427640723,0.8725087810830334
1,-1.2791611070282582,1.8022422297905472,0.526285180746175
1,-0.3655510899860373,-0.20828510309499634,0.21662511770238627
0,0.9380925409056455,1.5743712374755716,0.6462104373339845
0,0.29673317249411335,0.19898949440518773,0.1594381902596424
0,0.8299861590811032,1.9887319185953911,0.6831120207147454
0,-0.49610233398256237,1.1172834656881903,0.10588938924426794
0,-0.07480498268034107,-1.5639046348397663,-0.3545688100510904
0,0.012231983638817386,0.018627370661355457,0.13152499125551542
1,1.5692596145359043,1.0543249749040777,1.1660530807650165
0,0.690429024383049,0.030546581040616888,0.1393211034839552
0,0.7966721083646714,-0.036883530845066945,0.22575230700349413
0,-0.6579260925367952,1.269764750314304,-0.03847667224263082
0,0.9688826385630508,-0.709854182146104,0.10229431280661003
1,0.22558166356880352,0.017515613278218337,0.5534529601073448
0,1.3891453156779274,0.3236257646091187,0.443513335560616
1,2.014060154918468,-0.33379096035356415,1.057399561685376
1,-0.30676577602700456,-0.020129103877537476,0.5985205855470238
1,-0.40630313044506255,0.7750232632241703,0.5902086974959273
0,-0.8640449911023695,0.43283762149999394,-0.06541590830190291
1,-0.14357951171632055,-0.8087175319795337,0.24481169635237343
0,-0.3820254489503836,-1.1041239857992617,-0.3941340606954823
0,0.35950439957101016,-0.7891021802566502,-0.08778692086932599
1,-0.14456681693373594,0.0012484557884866053,0.5421685558044642
0,-0.3615992807816198,-0.15993978775704282,-0.3552795896089843
0,1.0645851361278518,-0.8319574932171248,0.04966756466579382
1,-0.9378802311514517,-0.5981504525164858,0.10923942483468932
1,0.43310795315134365,-1.5200392851920637,0.3035152922006975
1,-0.4059417271884834,0.41785370321732596,0.6585611907012248
1,0.7243685048699644,-0.04001872535163292,0.7540751279649283
0,1.3852615467222305,-1.2597873434052702,0.097401850982567
1,-0.3030982534240727,0.02862050418778282,0.25703391795640007
0,0.44103290727315136,1.3426220105103532,0.36677827079022984
1,0.17879286573317985,-0.7399358529652597,0.27532868085906054
1,-0.7994223995430966,1.3151376657209723,0.569875878323109
0,0.24078750974193844,-0.3234574724834238,0.023655390650064608
1,0.28912050527881217,0.19782816784986781,0.6583049783628904
1,0.4128708204461747,0.09775080242218528,0.8513290730977932
0,-0.19839889682004574,1.4015234160052454,0.13003841601300564
0,0.09419230031014657,0.1584338467855317,0.040704038670559634
1,-1.1476109448431353,-1.1419014192038466,-0.1939151417426008
0,-0.35811407547985674,-1.3109703704412123,-0.37768814834721204
0,0.555962679709798,-1.5329210534301279,0.01953195482191647
0,0.8924738873315303,-1.7119701640942213,-0.017779626707338035
0,-0.4223148241252707,0.04613505895568493,-0.12891614000536433
0,0.10471402943328433,-0.9583744802265615,-0.13509766233333792
0,0.2280533251240672,-0.08081161294374097,-0.06883188884588703
1,0.20147994670443287,-0.7038590359904466,0.3802988056438016
1,0.5407735853003902,-0.7707843007065652,0.5166004729058428
0,-1.8180776303835695,-0.4808453408727291,-0.6316501586187625
1,-0.04932407014757259,0.7035855546433883,0.4728582654445441
0,0.2390336012467649,0.9291451477686911,0.2903014278512458
1,-1.0003303489537054,0.3711725526490392,0.30205505509511726
0,1.67398570701071,-0.9898225495471192,0.26652608156651136
1,0.16155926723816796,0.6436312754533384,0.6776115351703681
0,1.5634047450289295,0.6888966666079323,0.4584516014934651
0,-0.7905230218330772,0.27464720361244455,-0.33020702735986907
0,-0.907300121525327,-0.6036204360190907,-0.3794453974275924
0,0.2242522209656819,0.7088595753671403,0.1422752622715162
1,-1.6786883628286566,0.42281857467666145,0.07980165406430524
1,0.21496559062609352,-3.116856591599126,0.025067426099763243
1,0.09721923200291803,0.6444520334110423,0.6406631832525683
1,1.0156652815421012,-1.913742670861507,0.14088424480740924
0,0.7010413411650971,0.6635615765913815,0.32795935386571606
1,-0.417477349885034,-0.1540723984248353,0.29583791315011915
1,-1.0974966547702447,1.193611680749198,0.3860039042864742
1,1.7123052213432965,-0.09816121120593053,1.0840324054189583
0,-0.79211502056515,-0.8866142600561124,-0.5728103767748789
0,-1.0455245570694658,-0.14735366458284366,-0.31873243764661
0,-1.0848560594614451,1.0598062949337745,0.04353483233944458
0,1.1173053155366646,0.026246617861587385,0.2778466067364711
1,-0.5189002044248521,-0.11433515987237679,0.3686956953166427
1,-0.7537044661806008,0.7435535155083369,0.5192299411445673
1,0.13768982590334733,0.21035936662981292,0.6044019650071762
0,-0.20694471055729102,-0.005927405833231806,-0.13177859236697637
1,-0.6780954607862469,1.3660600684033315,0.4988312743739923
0,0.7539914669784796,1.5551140320590677,0.6116002618819557
0,1.0653154920979948,0.6133262263287012,0.5014748019733121
1,0.9853175089398669,-0.2859591514851729,0.659756580877803
1,0.766919669661199,1.4969109935208271,0.9118107841664168
0,0.4026255311300352,1.183119557331707,0.22933089939045234
1,-1.775887999961829,0.7188971655282916,0.2771782192355867
0,1.6692508063769687,-1.216076580745861,0.2507654137248685
1,0.30198921035755294,0.14067190330796092,0.8547540023341995
1,0.6081564276006415,-0.7436721747008731,0.589267053647072
1,1.1149623229474022,-0.15901225155435933,0.8466384788567287
1,1.4333525028819918,0.2400569292967187,1.0086443855544596
1,0.4183980113091925,0.10015940809062349,0.745466270030619
0,0.4355461592956536,-0.4751751058292485,-0.06097749188156058
1,-0.5992242774597194,1.2729537489199108,0.7908247773831398
1,0.0330897511387602,-1.6961312668315431,0.16067050171413627
0,-0.8541612608143545,0.7301835311296144,-0.18055168123766457
0,-0.7199405321418947,-1.857483271594538,-0.557222713732634
0,-0.8935744023141913,0.3825981367234629,-0.08231880574648497
1,-0.15602389099728736,-0.8869043262838756,0.1750564798657411
0,1.0490931879200103,0.8783037577325304,0.5470756451666163
0,3.1709747732901796,0.08645252400759346,0.8969385210299248
1,0.18949963754791346,0.2477063784668243,0.55576381364029
0,-1.34841308775612,-1.0182793255668514,-0.6571280333157093
0,1.264983329856256,-0.6545701349975839,0.3249351186059521
1,-0.3007838764760271,0.20721739341095335,0.34030104255994476
0,-0.660608593976992,0.583569926909304,-0.062206981807775535
1,0.2098494779230553,2.9290962417638613,1.1144323053214298
0,-1.2406245995562275,0.22285832310348672,-0.4123367330420238
0,0.22246316400860677,0.9760375253689257,0.14059409400091916
1,-0.08837552319915497,-1.5569339325092606,0.041811724086801116
1,0.09837790681547566,-1.329891861334063,0.10015539801255033
1,0.38141625420917086,-0.355494774608452,0.6329426407159876
1,0.0674922572408068,-1.1974276956385663,0.2565968217814067
1,0.016338084112892493,1.4863992534663846,0.818046468933769
0,0.2843145189979445,-0.41021869278032874,0.12106955359147736
0,0.41540062617112683,1.3821818883931385,0.2790448498368105
0,-1.0314824603152577,1.4867824740856308,-0.10624281080902259
0,-1.4299912586854484,0.042779719883566894,-0.3949698799595428
0,-0.061638052172214755,0.501799753807639,-0.10053942009817331
0,-1.432735489934108,-0.0560994733409029,-0.4989113929480999
1,0.08753147092167086,0.5384370003545387,0.5414575340373622
0,0.9387468756823101,0.48334185178057176,0.41124467727776093
1,0.6071116719160459,-0.12364962589203071,0.6148219897600208
0,-1.0481704068254731,0.5049699814628403,-0.01264219781737802
0,-0.8602624519575188,1.7236962756672618,0.18044965675313618
0,0.3283012950007554,0.7130162297109377,0.15576978601488306
1,-0.40129780513351004,0.32579961364062554,0.40603923744238707
0,-0.31665529505210693,0.12476952104321241,-0.10480113559853402
0,0.5969064812479539,-1.012673123768591,0.3071947545317241
1,-0.9872866934576524,-1.0272968770754625,-0.15266534785020236
1,-0.40123470991118243,0.3233565314802586,0.4646548633631583
1,-0.8000824760846013,-1.3693911240471572,-0.22234618117096472
0,-1.0431294980353556,-0.7663275989635832,-0.46689811332391556
0,-0.8570781886711647,1.2815113403641332,0.1901678676623784
0,0.6774621693464117,1.914229697062814,0.5452390470490756
0,0.05182038948242156,-1.6659560767977184,-0.20718965636761238
0,-0.8791606288350748,1.626649562301582,0.05497020121447356
0,-0.23110160759299653,-0.21143829084555663,-0.15386801212955376
1,-1.6388073071221778,-0.015005087031364805,-0.019808845437565895
1,-0.7333128075836657,-0.11341163064273396,0.1986335670783534
0,2.149574534867287,1.0805441270254872,0.7983753586763012
0,-0.0902438496657506,-1.607676579043177,-0.4816279119408101
0,0.7316589270303925,0.4561636113551334,0.4614104732750888
1,-0.06548837514448298,-0.9448701973880109,0.25207180839970855
0,0.34816923524180865,0.5707885293815738,0.24798590752543265
1,0.663258089679174,1.5427963382930518,0.9198835094183841
1,-1.1046165975264708,-0.00041732641262016675,0.28023061140106975
1,-0.030936257273958937,0.37415508597080255,0.5381945622211898
0,1.5788651944164882,0.40955177823769134,0.5464666471867041
0,-0.795500550053291,-0.7995934996704901,-0.5814665284796798
1,-0.5664398537322193,1.5116393498843184,0.6719935349711591
0,-0.30769127736700175,1.706468247260989,0.43013683672412195
0,0.26902407317624666,0.701783372117029,0.1341561377762886
0,0.5249178636458827,0.07328543200764547,0.12630953012504562
0,1.2674116548186567,-0.46189381535428464,0.17401233755323842
0,0.49949823346865946,-0.6264902231490875,0.03746764283481796
1,-0.06205312579833403,1.7108365825466556,0.8299537985605138
0,1.2591671296108138,1.4144150427290236,0.7311412575784957
1,0.7041110221415822,-0.06366148878954943,0.7536483635646567
0,-1.4956795162570162,-1.5799305296711237,-0.8459415654298896
1,2.5263682403559984,-2.832011869908987,0.7140029030314394
1,1.7699213881967337,-1.0834266602642797,0.7814609737339169
1,-0.1682142227670741,-0.1306203959951194,0.31430835623318254
0,0.37791010173847506,1.4006890344430014,0.38082525011388146
0,1.3243587499958391,-0.6516562090577808,0.647142404683907
1,-0.17220079269688263,0.5048154563405017,0.78081991685963
1,0.7303517903770194,1.3031809616484324,0.9937243892195574
1,1.1045784735714765,0.12853631685604816,1.0309665262437284
0,-1.014825907734441,-0.14244786878884133,-0.33747568249272786
0,-0.6023318535828621,-1.308763514238608,-0.4477660928667283
0,0.9214083978105813,-1.2024753082044328,-0.15902972106068855
1,0.4608144771488305,0.4160996344158233,0.6254537134333853
0,0.9237965603139469,-0.20090753320092672,0.15860753505535108
1,-0.13256801465371804,0.12253131765330154,0.49548776230108793
1,-0.289005210954233,-0.04727771569624714,0.40524134706040826
0,-1.9986394755833727,0.6641440493586505,-0.5246572679424684
1,-1.1460004265074433,-0.7846874114294452,-0.05961893019150638
0,0.04706609465849369,-0.3355806435831669,-0.0696116138798805
1,0.8245572195642364,1.896182228633144,0.9884624465276715
0,0.5311783665356953,-0.7997861383857707,-0.061867573753301486
1,-0.12824197402770202,-0.2815754308001021,0.3670833346508395
1,-0.27177156649069667,-0.5893867019785693,0.17569629634978964
1,0.21717963263828013,0.4447813624072502,0.6210863729464797
0,0.07821118109215218,1.0223923224420695,0.1444611024626087
1,1.404545514939712,-0.49821161858610963,0.9452595699656392
1,0.14644077047824985,-0.43141434110468524,0.4332689832086257
0,-1.4812459621972984,-0.2789816053030303,-0.5191246765454531
0,-1.272558135032317,0.5298337834749577,-0.23299787311256678
1,1.5187593369635801,-0.7393953025101954,0.8634455722710979
1,-1.1711604614500803,-0.37595996597125914,-0.10016431205929106
0,0.7644974530335336,-2.3721938715130153,-0.2827679493032965
1,-0.2683727352093812,-1.3817450094949852,0.052235944912979435
1,-0.16975829390248548,-0.11244375601928822,0.4120667362060749
0,-0.1341327827684201,0.8978641732031214,0.08569974769020684
1,1.2213849594591983,0.2950757833018624,0.9411375907839128
1,-0.19284182854396467,-1.0987684566672995,0.12434783554713513
1,-0.03331928284515295,-1.400256208127942,0.15317624936884697
1,-1.5308034973994926,0.17468009289816874,0.016579002467550674
1,0.2066905117080033,-1.6528036422528436,0.33970556210892155
0,0.5310425069780597,1.0659268187168889,0.40929848176485
1,0.23914558065378702,0.06389619165017826,0.6214117832847385
0,1.3978962610867354,-1.607320159234058,0.06927301839820643
0,0.05517135478023174,-0.9659538588418697,-0.21511115054365984
0,0.2989774561190176,-0.7243113192311228,0.0009312618392444613
0,1.648504010268179,-0.7731925102234387,0.4176560944151444
1,-1.5500141893581478,-1.4899330082214923,-0.26147617988885874
0,-0.45582534779936884,-0.8746625219888452,-0.19751531418996954
1,1.4261587520192662,-0.6844015561404262,0.9183828171292132
0,0.9361291483110824,-0.7112857556104383,-0.027888210567654448
0,0.6783800988404703,1.1279566249333806,0.4721432431171222
0,0.8326507394644783,0.10482780282721457,0.26650058955568273
0,0.3270662091210221,-0.9932572174375524,-0.0617026993543796
0,1.6315974275322715,-0.33462160595412205,0.5341525598715313
1,0.3777591697307179,-0.8795570973113842,0.3453625151477945
0,0.23986710589527857,-0.300006659011757,-0.15006861027602403
1,0.15895867412564327,0.8755091531413832,0.8334085801510742
1,0.19286395555038602,0.2522707806121254,0.5084648782944996
0,-1.1570172808158679,2.2856011815280666,0.04139310066874943
0,0.7706730544633433,0.3759274257674802,0.3268494908344641
0,-0.13043973378332732,-0.913594509977107,-0.2904610042465552
1,1.821915097860406,0.8097407308144474,1.0493016126894517
0,-0.07565047058842289,1.0799312171425357,0.1967100789935528
0,0.4209182841756566,1.0941669914439438,0.26696041764529976
0,0.24660218626133443,-1.0942409530350914,-0.08508154694159109
0,-0.6255570351092533,-0.1476374145148375,-0.26780224904360894
0,0.9921368285185058,1.1318119568284526,0.4551588260491625
0,1.9050636405600176,-1.6847289588739411,0.21357324648219606
0,-0.014777219659844777,-0.4994167610220383,0.0008988295815059444
0,-0.3004787855854223,-1.4269376854269915,-0.28474076459725656
0,-0.3550287310553741,-0.9325702298970132,-0.40234528354198684
0,-1.8923618933173414,-1.0124571527438062,-0.490229233635272
1,-0.17781314370301254,1.250569832543435,0.6641923909392804
1,0.25099811600832395,-0.2345380349087504,0.41315025492479696
1,1.0547579251802828,-0.8633555813417826,0.7325794602906062
0,0.9600477411499279,-1.0356057313844946,0.044725930332644256
0,-0.4164990824366925,0.1416671648715303,0.1187556590272633
1,-0.27682299477388833,-0.011135627340667108,0.49946681164785345
0,1.123905305614439,1.344074374673427,0.5861144819881403
1,-0.17346389707287913,0.5000166958573026,0.7054948578228172
0,-0.5100295397556169,-1.4317977780650375,-0.3544568963926481
1,1.3925184494342724,-0.6289807075912683,0.6690698736185391
0,1.037585667050634,1.070072512070977,0.614129613486626
0,0.018791791774257802,-0.6210826977013774,-0.1702277462028432
1,-0.5937774477786675,1.734572174923709,0.6604485721264741
0,-2.011880319244709,-1.0982894313247467,-0.8101165371166158
1,0.5897036055747239,0.5726133530407902,0.7035241510539492
1,-0.8963697225521802,-0.8612155533986415,-0.0744882553344525
0,-1.962732009140752,-0.5095951329463574,-0.6539602282394673
1,1.584820527349018,1.0985816482311466,1.0563391379839484
0,0.6479677910098883,-0.12706716283851693,-0.08854335794166349
1,-1.1390081931169653,0.8134522451141071,0.23737743065058886
0,-1.214401382959259,0.47329059491479947,-0.236553053755978
0,0.8709617821716196,0.7538656835623008,0.38507355800694965
1,-0.8779706165358702,-0.8881882110855133,0.18568426688414347
1,1.2961498675278833,-0.22157439820400068,0.8629054301607337
0,0.6164593126261553,0.4242526181008702,0.1931573522133125
0,0.5365965205668235,-0.8490728726936604,-0.05279397341663443
0,0.4046954556143003,1.6295000432323286,0.303654509403838
1,0.19145087202391178,-0.7772280421551344,0.5105693756467397
1,0.8805111991771105,-0.3000035769377952,0.5660426357572783
1,-0.45408036251560513,-1.0065590647942375,0.0704233150745441
1,0.08595197343438468,-2.1433080652386884,0.0810953569397149
0,0.7519465876771957,1.796918522574928,0.5852030072672265
1,0.5629897185861278,-0.20433893690304725,0.4777640918442499
0,-1.1949868052686603,-0.44791483841554025,-0.5386325887856557
0,-0.500409667304264,-0.19871506167079867,-0.16336185230150707
1,0.25280350541915453,1.4198639721964357,0.972786181964733
0,-0.4080147090398969,-0.9651066080644173,-0.28052537811583506
1,1.7746585609733332,0.6795678657650824,1.165730165285931
0,-0.39315319475411287,-0.42378824854947633,-0.35894448152314223
1,-0.16221844757669085,-0.5966708555383098,0.27026605996412173
1,0.7694301781773039,0.5670582125201824,0.8963901200883331
0,0.33053274323491577,0.9882405737426969,0.40490260470450284
0,-0.14527445720476923,-0.5139029502799155,-0.057425336401888405
0,-0.7564935288807483,-0.7688491596748099,-0.36691072615462583
1,0.3015140573967662,-1.1690957473220271,0.47709511441954233
0,1.0390964403783927,1.1035037667283756,0.8205757567755892
0,0.4790952240982286,-0.575255994806118,-0.03070882327002384
0,-0.7781835214561222,-1.8491307272754511,-0.6795927814264305
0,1.7367749569767108,1.4099521383961462,0.9548712073502147
1,-1.4465778900358943,-1.3698595019529423,-0.18439881486281473
0,-1.582685641802789,0.7794605312590615,-0.30768281744629744
1,0.9605572244572284,0.18342864666752473,0.8640903294365859
1,0.2258404786026901,0.2879154322152784,0.5598865795053667
1,-0.5494985463040403,-0.5843752753113219,0.11479585257146464
1,-1.0985707275553296,0.36559146022463607,0.16583232282349727
1,2.320799839280298,-1.6677798928842373,0.9872785988903436
1,0.11709087215544195,0.5880377487398128,0.509070744926137
1,0.5342011708457715,1.5570100415321602,1.0215278241250183
1,0.3178850972381816,0.8840271974263262,0.7164022226541688
1,0.43480795773115793,-2.0195400853867214,0.19119768137046866
0,0.5400944605248059,-0.9842090022728482,0.03948163536370543
0,0.7324240097548762,-0.1877949219748069,0.26656710986729104
0,-0.3752224007606727,0.48693730493993265,0.01911839454647834
0,-0.2916419863518446,-0.1066526736602251,-0.29613509687419903
0,-1.7410228083589014,-0.4932143871104978,-0.46385324906219083
0,-0.7803044065015394,0.5953003076922928,0.015988391307952807
1,0.2711127964467149,1.1641517662249663,0.8233078754981225
0,1.0450233755026905,-0.23229400718659735,0.26807399290942885
1,0.5990395263761841,0.7289298673852393,1.0056427522519185
1,-0.34069234387793046,-2.5790507451894746,-0.023295425071901243
1,-1.2631729120851543,-0.9375093861087292,-0.06938319120478409
0,-2.7773591454274333,-0.3212589370580095,-0.9266933986249464
1,1.151733974780799,-0.48856622075462575,0.7284532371822118
1,-0.5892289865101498,0.33279821740445475,0.5075141529675626
0,-0.44846500620405927,1.0137505474982607,0.17220978610910312
1,0.13157396790806872,0.5066690260283885,0.479463694428218
0,-1.4055600473918899,-0.6222254717550558,-0.49964886868197167
0,-0.3497821801115369,-1.522768090504186,-0.3230761389965376
0,2.023471949769974,0.556964120578887,0.5677880924495977
0,0.5053869385773427,-1.8381767396700122,-0.2163157415046319
1,0.3592491565134564,0.6530372834064285,0.5606778429976707
0,-1.5824944779817585,-0.18844908213006825,-0.49948887622640253
0,2.2436018945826404,-1.1758349879382288,0.2295901205958515
1,-1.4227949086263427,0.28725731246679276,0.06243843753466398
1,1.9223247554443985,-0.0028761026590009907,1.015015614652006
0,-2.1150560151878075,-0.0365972929162469,-0.7127212451538522
1,1.4053654387244203,-0.08422329652739403,1.049917774009304
1,1.6180542690002255,0.4195241084261415,1.1228721593592064
0,-0.8244091213278346,0.9244340219585094,-0.10239281803898849
0,0.42258037227288275,0.49661519848385155,0.132789367289225
0,0.547480572104665,1.0121331898223096,0.3427931779113382
0,-0.8137944832313059,-0.04413971884780624,-0.3558775855688845
0,-1.4491176107369304,1.6184593242319745,-0.01373541795971768
1,-1.3177173431407654,0.5711098221298226,0.41858336163851356
1,0.5410082199598076,-0.5436940296827768,0.658883649859598
1,-0.08511560251940574,-1.093895056734405,0.2888553424518122
1,-0.5643010333021604,0.20579680373407996,0.3553061724268533
0,0.9667680111664602,-1.3065215229226008,-0.011784530180728309
0,0.5080679093914777,-0.9733759675567485,0.13227363657485303
1,-0.7554627263656334,0.23908708037359924,0.26358503741287637
1,-1.2012015190173893,-0.6078874462819541,0.17417191072796742
1,0.5232617386880769,-0.9333162402269223,0.35716134935902366
0,-0.5375833685580619,-0.034475046088398256,-0.19779318522491895
0,0.09920486253150243,0.07267789910378988,-0.1271086206918699
1,1.5762989726277177,-0.20583402521873762,0.9476463068673958
0,0.5023282400747796,-0.37754691905928855,-0.05118367397704453
0,-0.8622669997532367,0.8546427287124486,0.0787533864955629
1,0.16066118981977281,0.3424273512868276,0.6579110543694044
1,-0.9526449528153877,-0.22342611219469602,0.22326096640412627
0,1.6085221559487237,2.4643219335153654,1.003688878404167
0,-0.5615787496032209,0.19383173692841307,-0.23896135893439743
0,0.20727074697361864,1.1320051336773298,0.3009940796009343
0,0.307732574679432,-0.5609810031317565,0.1638316405642527
1,0.15925046837370244,-1.3629409472080096,0.27604244367113984
0,-1.9585489551365387,-0.7917565156434644,-0.8476176098321359
0,-1.4464210639833286,-0.26800978339811193,-0.6727625415441246
0,-0.4523502755690917,-0.496608209729517,-0.3063594236558386
1,0.31943183333153063,1.3363861823227936,0.68688389670993
1,-0.13777921428577067,-0.12004112209610802,0.5177097481993069
1,-0.9571474731510168,0.4614688774411399,0.3832662601611475
1,-1.348424319121701,-0.04648115603289032,-0.001391709665143348
0,-0.4015575444993436,-0.43355433273316757,-0.14577999904949399
1,-0.46847604467972315,0.037996013453515,0.3094109239910878
1,0.5128364575927566,1.7140514697707319,0.9920998029544874
1,-0.3263184621583181,-0.7679485917368151,0.2857102981616394
1,0.6027076564293296,0.7669904505595512,0.7898143861367599
0,-0.5946497697204054,-1.0260072516257819,-0.3417760463759663
1,-0.2559576692142683,-0.45962644226943894,0.16271460573507654
1,-0.3480463796426194,0.003583205954583647,0.40805022609692787
1,-0.7823669669020897,0.3263750897269907,0.3270697256359978
0,0.6251186564337302,1.483128627973814,0.27952200890007084
1,-0.813595997094507,-0.050082641464535414,0.06493565330559209
0,-0.521641509970619,-0.8436156065359265,-0.5111679348610637
0,-0.07311964594819724,0.6500419730507697,0.1495031842180899
1,-1.2973796559567399,-0.36416980891575595,0.05034810411699293
1,-0.3249349583204991,0.23868157093183537,0.4776515844076214
0,-0.7113063597427886,-0.11622243953775185,-0.3692742450812031
0,-0.3881541924822496,-1.9434568512868227,-0.3912402469354129
0,-0.05992800267109062,0.5082991855939731,0.18196555829920644
1,-0.7999136231406647,0.5833680068212987,0.3000032109197275
1,-0.2200757798203556,0.9266047683086054,0.736904247360994
1,1.3086687523521792,1.8004627624602276,1.2276009385195834
0,-0.02579855825448711,-1.1951037734634757,-0.42438082457004445
1,1.1452621730192247,0.5165074442817594,0.7836106641470301
1,0.3464944420067607,0.40929499664095537,0.7591796807157198
1,0.7741606098188164,-0.4190819928078221,0.6380269033171825
1,-0.7744589687708259,0.39710623644977877,0.4352060513041011
1,0.10490716508551272,0.499646955111966,0.6225642280748056
1,0.1339129226154759,-1.218683829977197,0.3232042001252813
1,-0.6126257388749357,0.2462227612764322,0.5778094728908232
1,-0.8228283242942818,-0.9179843060046156,0.20923955027393246
1,-1.4902653879072982,-0.6518564999305905,-0.12073364321934861
0,1.496139636951632,-1.77474481518865,0.1313898005180722
0,-0.9724028893524976,-0.47336092550247877,-0.33694850760006606
0,1.3462210732223001,-0.20357067147347696,0.43929130442160536
1,-0.4674931736578535,0.5498568672963908,0.47682430188072505
0,-0.8624932997247339,0.0008999266711071547,-0.3079211896327024
0,0.6225191403049977,-1.5422881507996786,-0.12206416979208662
1,-0.6311919417468571,0.8621480568842673,0.43504331790495876
0,0.5684589189242769,-0.11858662355009231,0.3151570790912439
1,-0.3328117648522096,0.4883705904296574,0.6219032125138009
0,0.48042449611778676,0.9659361184597012,0.3169530706393374
1,-0.9681860639071049,1.4226047489690348,0.5368943566910567
0,0.8313510579847683,1.9612269893650154,0.6251047888448648
0,0.4879726826630046,-0.07223875867166796,0.25126816666138896
1,-0.9196506900626618,0.31112444609365353,0.3912177338417315
0,2.6429357210147417,-1.0783610908167798,0.6340695814121553
0,0.540123026400494,1.061600170035261,0.46148336888865304
0,2.2904670705305388,-1.1848874445717696,0.5162197130489655
0,1.6002678187487591,-1.805251688630421,0.23643619327937337
1,-0.1888347802177838,0.8303860053403918,0.662539904335663
1,-0.4122717546045429,-0.5216965249478154,0.2871692215405264
1,-0.4034591834208012,0.7776072813422404,0.4767611388822839
1,-1.8300285504278102,0.4080746493461687,-0.12456870900842754
1,-0.6958351193495473,-1.6300026510237087,-0.037535904060277174
0,0.24676602397997058,-2.7196793643226145,-0.5440116190109447
1,1.5259575608848084,-1.0966017470927192,0.744467825542611
0,-0.7727718829782021,0.01649148698086454,-0.11448442507857869
0,0.8820565993630106,-1.2217763346947719,0.037544180413984135
0,-1.252593341503319,-0.6527614493487129,-0.5478304594317006
1,-0.5863200252111324,-1.4589407305973254,-0.052997016168968875
0,-0.45764059428952597,0.16987795979692444,-0.24633010706986608
0,0.3718110814974935,0.09082592703632521,0.26298904339226187
1,0.45730964672081126,-0.4813926240476333,0.3632452673137917
0,0.9623417448143452,1.3970653013137426,0.474637281083946
1,0.7708369604049367,1.4977150273195634,0.799473900215687
0,0.24316821540249173,0.565267202536451,0.1543897475530661
0,0.3903649435086224,-1.7997711814667445,-0.2770732092168204
0,1.5885306910975325,-1.1046901472056094,0.21519173582518844
1,-0.5109261812322631,0.40713033108324814,0.4218352218493305
0,0.7747283190671621,-0.6285575802445897,0.024580472229454753
0,-1.8081439264982515,-0.4870914317118235,-0.7312270283407135
0,0.4113342428976086,0.89896739458806,0.48497639311300217
1,-0.4832495424791074,0.5108748218924175,0.42379380679841416
0,0.002571182431510025,1.3141544338139488,0.3543681039869193
0,1.0400862450537032,-0.42920929664647733,0.14250690992151663
0,0.16464380952639762,1.3752254204468972,0.48571108642250743
1,0.8851875412089273,-0.5541312470844857,0.8061482260465609
1,1.4737648151384048,1.499491490138763,1.2651296107910017
0,0.38909396886572056,0.10583464361677868,0.027941960086123582
1,1.1710410646204883,-0.860509747109608,0.687910508536991
0,-0.3265609776792077,-1.631219507653533,-0.4194817448303632
1,-0.008209882269614045,-0.3014723148616932,0.46120496375572684
1,-0.522619416398478,-0.2562326979954389,0.19414557386140174
1,1.042977594646376,0.8576619101224521,0.8321256468004737
1,0.4140913537935951,-0.11059050280820729,0.6183456093146406
1,-0.5072344618949226,-0.4324319785784447,0.26031413408246246
1,0.1546688336463322,1.0770374729475365,0.7620156468753435
1,1.0415683888185818,-0.22482656127015146,0.8701852622766411
0,-0.039267991037953184,-0.5762418162269032,-0.2745448088599032
0,-0.9489328108497634,0.5746089172925728,-0.06868868819763396
0,0.1319117557874122,-0.48982821884726685,-0.13271487103496152
0,-1.9805655910689397,0.658802141691513,-0.5019314555673853
0,0.768770644399475,-0.5969171117831944,0.028669834638076527
1,-0.4213275873246805,-0.22295918297037942,0.3379718729924451
1,-0.46931073627910674,0.15217697558826634,0.19906038675392845
1,0.8756956787795067,-0.37412632026430587,0.6310748675522715
0,-1.3651628772251687,-0.01345146935738968,-0.4638148115675639
0,1.9470986428203578,0.81547196924006,0.8736170069304389
1,-0.4802420417382233,0.41060179132004765,0.45311756012126436
1,-0.5232509433848951,0.4809698500346235,0.5087705181410865
1,1.021224743167163,-0.6354304386192672,0.6798752166649458
1,0.7086952731104266,0.852829768274368,0.7782844984417301
1,2.451229719075076,0.6695623405090826,1.460001870642664
0,-0.21120598363152,1.0044191922616248,0.05297790915611221
0,-0.12040663866440973,-0.7263658321861022,-0.23401949211381917
0,-1.4793159799632536,-0.17245859668145705,-0.4600765354443109
1,-0.33210227734882514,0.6335339024604004,0.6216299762321431
1,-0.7214312955717558,-0.6088151174171313,0.14166913351677257
1,-0.44876701310549916,-0.22612246976395622,0.47119787531388657
0,-1.7441877565539552,1.925805737459527,-0.19524302097949098
0,1.660607559894514,1.9517610122678137,0.9550933991173801
1,-1.4166034824256406,1.2399405498273601,0.3233686953328502
0,-2.802202798391713,0.9385851362497682,-0.49827662844631826
0,-1.1884244215830193,-1.0192511495051295,-0.5389369550498334
1,-0.603839552796151,0.5125622314261223,0.23362929864076948
0,-1.1495540632571182,-0.3591165950658852,-0.3078560170093617
0,1.0983035407325124,-1.0585718976053677,0.10962183136462741
0,-0.13783917859609385,-0.50900583859132,-0.19845911240393044
0,0.025385604406458987,0.11566507404634657,0.1530451723232909
1,0.6103917643054128,-0.5473555742986664,0.5405155508289404
0,0.28601252697811796,-0.5507994257068402,0.03564254726830153
1,0.978567297446043,0.7920414984229742,0.87514015698864
0,-1.1094775536361452,0.14410648512323182,-0.3876349817489959
0,-0.5475181006794317,0.23345807966231802,0.06349436178699522
0,0.6659671460695378,0.11187239689629835,0.14346134947385242
0,-2.53455446208423,-0.6757031433716509,-0.9539840609413459
1,-1.3751844793172407,-1.3705719179606883,-0.35750180657407826
0,0.5009922321799466,0.31056471042047845,0.375408836138862
1,-0.48024903499492544,-0.5070366321254438,0.29431779540594344
1,0.9361075501096976,-2.010782268585878,0.40245377466099336
0,0.8091802968531627,-0.39256725796515246,0.26175447852078115
0,-1.1980928801910382,-1.0922179413406234,-0.710805109258863
1,0.4066570874668812,0.6986502343077553,0.7076224949096483
0,1.2016978556675064,0.52162522724034,0.4556906290233689
1,0.1474344016509719,0.4968931448384696,0.4887618443901393
1,-0.9774648772458692,-0.665041618158691,0.20489492582949614
1,0.87938994191337,0.731551581862154,0.908284393927105
1,0.6354245265539955,0.319649783134073,0.7222284509674632
0,0.5426107834987963,-0.4098545384398195,0.10443487631850334
0,0.7159388934369917,-0.4533374321385169,0.04885595316971418
0,-2.994612860227619,0.8927081528737002,-0.715330927112249
0,0.8809375610809715,-0.4736040569636581,0.5123143116318092
0,1.8081318105789754,0.3036564735262783,0.6636390409035283
1,0.436638474629293,1.0339569868127836,1.0046140457147772
0,0.19272899649972683,1.9093426255571087,0.4041789118157478
1,0.6964386733914393,1.6638731244377296,0.966549327891884
1,0.3382254736851153,0.9008227642090298,0.8126025538845065
1,0.651781261700616,-1.5059113515713871,0.2601816138535039
1,0.0014710002454108063,-0.6890484294179713,0.13193583764544947
0,-0.7667048545369003,-0.5480871874725356,-0.2664696433533633
1,-1.0043227122146134,1.6531498325653209,0.5934669673459032
0,-0.9981917282318641,-0.6993179409720909,-0.3559359844886702
1,-1.3730425509508952,0.38616637709836915,0.16813749745340495
0,-1.0677420110191065,0.10086706325731179,-0.10231192066630335
1,1.761266127419863,-0.935127209437544,0.8326215776326887
0,0.7540956636562427,0.38182400961938384,0.24719702694169177
0,-0.6250273906846713,0.3982960861974925,-0.4084988714666355
0,-0.3903926939855081,-1.2557748817415015,-0.3729893713092769
1,0.11255753090645429,1.2228774470534098,0.861530527188586
1,-0.6555450294843581,-2.0865100288551877,-0.11327939476239517
0,0.06751685717432486,-0.590757152909962,0.014525800014981133
0,0.777604137902912,0.9719702938655755,0.6571634167695278
0,-0.035742733548173485,-1.1932578334740391,-0.2667094075969798
0,0.33601574266199213,0.35026591956203,0.2939832626703345
0,0.8864915393596159,-1.29636038827543,-0.15190987336520373
0,-0.2721317560182082,-0.09302414444422329,0.0028875547413554775
0,0.28479059913436316,-2.3137731131722004,-0.37096839485545424
0,-0.30937759288336136,-0.8425717017130081,-0.2834666680423164
0,-0.0285288698344164,-1.5429214471542902,-0.33348284238183196
1,-0.32473026508296,-0.4017637421265006,0.30659782521594764
0,-0.5288698535561153,-0.4152313958216571,-0.272587526165691
1,0.17371185298702344,-0.6736641713091397,0.43724801864924556
1,0.5665453158182124,0.7979131965667455,0.8121170206521727
0,0.14630444600104425,-0.8868796038714377,-0.24906383487029457
0,0.498726958311932,0.6343866731890512,0.3182008110306022
0,-0.7379317802412299,1.6292757699588616,0.043688825080456566
0,-1.2037351921997794,0.13906415030468255,-0.22850906611978433
1,0.41704350296760356,-0.8576702045753997,0.4501963133179631
0,0.6878813911747546,-1.2493385148615423,-0.03080089028776311
1,0.04985726659982265,-0.7097851001194992,0.1680769686315803
1,1.3480357804247187,0.704642720749891,0.9196712654605816
1,0.9076987979878987,0.1555907349688975,0.897389225740894
0,2.6805708407690005,0.9367952162539889,0.9181486228788801
1,-0.20080851399566557,0.770330879327212,0.5405798557668477
0,-0.9988487960953681,0.1408106518782359,-0.29928650517979116
1,-0.7401367907395136,0.4734882616664622,0.5090308743941726
1,-0.5654978063746563,1.8552462094204791,0.7388136997518573
1,0.4760313834381145,1.4156562261746801,1.056967120604703
1,-2.158068563961257,-0.30274601690425323,-0.2347445523223469
0,1.3185510180908366,0.9896794419358903,0.6148188201910681
1,-0.23929659114234414,0.5858508058179356,0.4250568382832863
0,-0.24679355778875178,1.1363880775397395,0.27104267168565954
0,-1.0793431660249952,0.6716165720359097,-0.1786148150308313
0,-0.11422555145018021,-0.9741674350429901,-0.22468824256402453
0,0.013239767667533552,-1.6196845653727006,-0.28613342885171417
1,-0.12194492760027727,0.5726270172050857,0.7226211325529662
0,0.3390592559424304,1.9026181983698311,0.46079190580783636
1,-0.5896320419510298,-0.7756641079399706,0.3342814616021875
0,-0.8958157604108271,-0.1880897380496502,-0.3915149341735573
0,0.5483281304979799,-1.0357477261952128,-0.00043264529273944613
0,0.09866745381579567,1.17782950470566,0.46608799320335836
1,0.1971810551973674,-2.3051668550435207,0.04913947242464592
0,1.0590272544419663,-2.2636603010358085,-0.11049829853022983
0,-1.0225643912606857,0.37501991982015326,-0.14401482713053163
1,-0.8552404572508642,-0.08234364679135212,0.21316916357659968
0,1.2572196508289941,-0.4796230150738065,0.13120596461750392
1,-1.4828833575740425,-0.3010947865234137,-0.1106799004837911
1,-1.3094121463310142,0.5369879144563616,0.27266719787735155
1,0.8178618311849958,-0.4138039890496651,0.7517492835444901
1,0.23820019202203863,-1.0969249717331135,0.4305305966920885
0,0.10523213705927585,-0.9273629280729663,-0.039259743110026016
1,-0.09165940810038319,0.8883388619968426,0.6573684694628558
1,0.03126754702756948,-0.5247419549622203,0.4252551901869275
1,-0.09211211469195592,-1.3852775837671982,0.04342398292322064
0,1.3554427025944182,0.10217832694397073,0.45880137153735334
1,-0.3981481287500751,0.5049947217800111,0.5428225842700894
0,-0.16137353627777917,1.3289607475532235,0.15905895914571233
0,1.7944488052250736,0.21790338712166898,0.646315488881347
0,0.0275097020298358,-0.6597112472096701,-0.30527822328476567
0,2.2320163895251777,0.4740078672770297,0.8395164500924129
1,-0.10497970101895356,0.7271748700204365,0.6439694960604814
0,1.3674149824601585,-0.03890530666380676,0.6135042867640881
0,-1.6553440383096778,-0.04459939272557343,-0.36421453635149126
0,0.15364446081566638,0.2601329049387677,0.2488179550883064
1,-1.5844735631509355,-0.06985649825618424,0.09242634104029908
1,0.8444543066045863,0.25011390688312557,0.8680206347495267
1,-1.2128678162090247,-1.0219133244269283,-0.18640614123938593
0,0.2837695543833455,-1.1504377698185095,-0.17846581768387693
1,-0.2821958766904351,-0.836111379500769,0.43079180815880214
1,-1.1582031851840289,0.6422109433294259,0.13536478823836748
1,-1.6193599828975425,0.2587975673406087,0.020923335117546002
0,-0.5110404635801098,1.0402389642495586,-0.08718775430558826
0,1.7406294458953309,-0.18669092211460994,0.62994583074889
0,-0.2934850548893775,-1.1436413958418497,-0.37335192848974424
1,0.917221542115856,1.144553535284558,1.1585306062847975
0,-0.05704286766218815,-0.018767055539892923,-0.06224252077856489
0,0.8767267736904524,1.2834550362665254,0.46929583134406694
0,-1.8269113783045177,0.5979464913921806,-0.3006311963144527
1,-0.40318830684953333,2.188618678822837,0.9106504163490851
1,0.9494055237932187,-0.21977298571336235,0.46923902907353565
0,-0.16325494883317873,0.9007239050891807,0.1762823753536025
0,-0.08645528271104713,0.891364106352944,0.2123529242825039
1,-0.43046191188579297,-0.55512634549445,0.2808168504254632
1,1.149379383367124,-0.1724823171069609,0.7445515512062675
0,0.2975143539549459,-1.461738342216723,-0.20025251779290187
0,0.04402227617534797,-1.5487961370026657,-0.3363586926444952
0,0.6430545453392927,0.12656880153077496,0.23936242666894036
0,0.5882249291179367,0.7930070706974274,0.3148294665887598
0,0.2125870464375366,0.6380240334954549,0.1291881048064574
0,1.5470314969908445,0.34002459825965264,0.5484914133796452
1,-0.06028753363911904,0.8630171531510914,0.7347610615569219
0,0.278081047967944,-0.5896977956993248,-0.005614655509945141
1,-0.6429525533528905,-0.2725327484877595,0.1972434453034578
0,0.1501152270061292,0.7375215134138817,0.22616427282165613
1,1.5877615237453675,0.4331187294489333,1.1699314421992935
1,-0.6432576017887388,-0.21018881379676232,0.4245253735616449
0,-1.1335928256384589,1.3207943861279146,0.04483628794998891
0,0.9967596428198156,-1.2920012510471275,0.09436566197242237
0,-0.14876615223367926,-0.5186786872885925,-0.24927798624921094
0,0.09600420496977001,-0.2833977744562524,-0.16443356609240667
0,-0.045113303693334814,0.8165348797737704,0.12953486347484638
1,0.07912172392953508,0.0023851979152351623,0.3832950786062912
0,0.8505306835234382,-1.261491746790615,-0.07561761720715439
0,-0.8391241905992737,0.5140041798160635,-0.16594865169168596
1,-1.0117740841054885,1.0875463154668945,0.3655559956878421
1,0.08496813703770767,0.7393045331330262,0.6405595421068757
1,-1.6064396894498327,0.6191549216054889,0.009098614756337026
0,-1.3730535360419285,-1.8743134967410682,-0.7636320841814711
1,1.866683148331627,-0.8998864767434843,0.9796784542574819
1,0.7574683300614039,0.4820806086722011,0.7688428739739445
0,-0.010056471869014538,-0.05488818475438849,0.058580955907539284
1,1.2380069359584398,0.522557601998812,1.2421862725591022
0,-1.040599230085145,-1.2663426769629542,-0.5746294074315798
1,-0.3156031233858582,-0.06149476428488614,0.45814111092221815
0,0.6234536094243824,-1.3897810188962068,-0.07124311194319105
0,0.8906716814313947,-1.9536785626194064,-0.02657183517205819
0,0.5129168468277764,0.2957790885068872,0.04116588408850086
0,-2.5412388076882246,0.8425887964569804,-0.6995495598095928
1,-0.968082117664578,0.2456164279017758,0.27304504308811983
1,0.47706809235686526,-0.032996480264666096,0.7252173882699728
0,-0.35595149304680634,-1.5620143418292662,-0.40613591369340113
0,2.5402316207591715,1.0061070670975472,0.7968335745504965
0,0.9265583009670965,-0.04404489737594127,0.1867971831691011
0,0.5580818806186658,1.9595620052057678,0.47986635346703166
0,-1.1169495537467236,0.9423143082769667,-0.10772280996831891
1,-0.03529673960291556,-2.0051254266521483,0.0121819968046529
0,0.24120396421895252,0.7550496802558879,0.15529041483678624
1,1.1277836301278024,-1.3965352375731572,0.6675027991874797
1,0.8811310970996323,-0.7594954904290641,0.7459718587239359
0,1.0329891945199456,-0.2507566767601495,0.2184179424703499
1,-0.923912015810002,-0.09406245036260366,0.24650417241946593
0,1.4121516982986309,0.39756521561746616,0.31501017275994836
1,-1.3804307523072692,-1.022855040804214,-0.09886752791748943
1,-0.5359145616661618,-1.1506920042566469,0.22808503562840485
1,0.43077113494564145,0.6006052017330761,0.8020305513560426
0,-0.14989159173313932,-0.01325026793402666,-0.03751144667099995
1,-1.0060368579203915,0.17437304870152562,0.194199255016924
0,-0.8215498256031326,-2.19368335169466,-0.749880819579012
0,-1.5482543228490424,-0.17713738331532355,-0.5178120140371577
1,0.5319746390071913,-0.8907291830614958,0.32630244126622704
0,1.2605688450421493,-0.9206263730168693,0.3550912767390953
0,-0.10039350340136602,0.9219348042245775,0.21068997386398744
0,-0.4003488150134234,-1.0956712289725123,-0.34948259371985785
1,-1.4723229284664896,-1.0928966063260301,-0.2222566772878868
0,0.9132019242521776,-0.3310106034017459,0.20072449457952976
1,2.211304333239493,0.4502888306473442,1.3332285603276008
1,-1.7974558043668976,-0.8840147297480861,-0.11489489813779183
0,-1.0634329381546068,1.2341440357800615,-0.162570167296944
0,-0.6795930425441441,1.4498475253612189,-0.011261283708364975
1,-0.564317909682489,-0.8814470664684638,0.36223821008238805
1,0.227345950143481,-0.24508175557685558,0.6328467196992418
1,1.6142495472802274,-0.7786754726576129,0.8993917637353461
0,1.0085972868601036,-1.6853821048712272,-0.04836185928795134
1,0.5275973827743159,0.3030110504561574,0.8112834587498046
1,-0.7239287040586021,0.7335948682293696,0.30221704484518164
1,-1.1196282336804544,2.0118642631265615,0.7196612246746801
0,-0.7967753063063009,-0.897409503631337,-0.42209171509187365
0,1.5480668013787386,1.336235090812621,0.8107532087920211
0,-0.06174330145790107,1.3423536912579532,0.314569525303738
0,-0.4468362536626212,0.19785330956715308,-0.10763730531154854
1,-0.18375573024999226,0.6021634895760638,0.5477693433304682
1,0.8246182196384677,0.8732730483007036,1.0441983896792795
0,-1.3128496745497917,1.9740999482418995,0.10361482774170129
0,1.4148741359224224,0.4778085626164694,0.34280084130197835
1,0.15647625694629896,-0.060137885503685214,0.36567472627750675
1,-0.2163439782957261,-0.8661687990074722,0.16724098467417184
0,0.442846113746739,0.30532075501249806,0.10456344529655108
0,0.21839707312993703,1.02416493277307,0.15849952123487204
1,-0.34419645646738123,0.24461036132947195,0.4728741996519088
0,-0.2527106720416067,-0.779923248925003,-0.2781682961108799
1,-0.8688625468659522,0.08907620249656334,0.377768938615744
0,0.6563907508593024,-0.12915348246011388,0.3163743053174737
1,-0.5319938094111618,0.26473875775570727,0.39048128497803364
0,-0.9562584224322828,-1.66184836721825,-0.4509014053060456
0,0.16586352265353732,0.5507886141027314,0.1623382106306798
0,1.3291412827455533,0.595423156763723,0.47434795150142045
0,-0.048344623779819615,0.4448534381865086,0.08094587443274726
0,-0.6081012569516899,-0.0037628171450240252,-0.08869694031520514
1,0.4038960208359738,-1.8059362626034217,0.09853545646011808
1,1.936712462402552,-0.01932279197126341,1.056289248104067
1,-1.4519055294317473,1.0607149993421696,0.30631190707059686
0,0.3822027877852936,-0.8601288762924614,-0.02105647239905
1,0.2050866252318538,-1.9892694661612838,0.1268284600050083
1,1.1615338035591172,-1.5405579718706937,0.5892271209579436
1,0.9909091736848452,0.31402569182060314,0.8892900522646604
0,-0.18670911180977923,0.37287600885243755,-0.04062834311968565
1,-1.6845172554248828,0.886293194621468,0.3900633251907062
1,0.8065637678962596,-0.05525899572965248,0.7748723518260782
0,-0.8351926901914831,-1.5003283759785706,-0.5837418172705421
1,-0.9467404109571895,-0.8185041405936757,-0.004894854753736001
0,1.1483505806911263,0.8188393725993478,0.6112139405502991
0,-0.9108503776386525,0.1404959074394759,-0.2349499526972938
0,1.4028447401002433,0.6498296346799787,0.8056306187475877
1,0.335844721405313,0.4347888054610397,0.644118765218593
1,0.3191184000862824,-0.20496055173029593,0.4304827158345965
0,0.30726478050559103,-0.1740068375080337,0.0546082207667103
1,-1.6384236257417921,1.8571022697558597,0.3974001121123787
1,-1.7763886163465759,0.4146742666092209,-0.16182679504615818
0,0.2155530537886848,-0.1285875503163606,0.008031554635185314
0,0.5680073592264201,0.4554199909368095,0.22464466181652837
1,0.08261103215620101,0.22290581962427333,0.5324881199511599
0,-0.8215345170195275,-2.157356373494461,-0.7409542045678109
0,0.018922103882194737,0.6500845143723144,0.0013742797302773169
0,-0.08203415314548415,1.8209392740896755,0.41538141401646567
1,-0.9571580982754103,-0.780279868390064,-0.0015874875596034524
1,1.0139721541121614,1.454035748839167,0.9926286507613965
0,-1.7302760615500858,-0.25686969733191695,-0.6464501847131998
0,0.5887424068075064,0.2934713976498223,0.18808467759752093
0,0.3843234052112453,1.070360016973174,0.34023373742931107
0,1.0097118548117143,-0.7200014312908092,0.22574716882140133
1,-1.0053118723488588,1.2424939128184713,0.35158727105752957
0,0.101407146668211,-1.2142172813593393,-0.2603510520268479
1,2.171164949318166,-0.8751547489139164,0.841767762210669
0,0.6620742889997063,-0.5935203173475259,-0.2593117761118309
1,0.10058120872896319,0.6620053664519022,0.6781548289822283
1,0.5391612741141966,-0.34087441056947076,0.7455738518704391
0,0.08617684238012002,-1.519974459585868,-0.2259335138678552
0,2.19089801323984,-0.21653287184982842,0.5632568339876874
1,0.9836361957891795,-0.7842213825343839,0.6478944964904005
0,-0.08561495423049709,0.7312936208403685,0.003092227799418451
1,0.25233143138452124,-0.3432350544551033,0.4948231827210776
1,-0.39079799608101357,0.07077407590065136,0.3541444910500686
0,1.209850126410305,-0.4054724571406713,0.19658912328821881
1,-1.4061047713910109,0.43393896823028894,0.20552158520921993
1,-1.604738529860987,-0.1835907634705542,0.24184700478549875
1,1.4587147496759936,0.3251987146870653,1.1691991184836825
1,2.1531197925705827,-2.5933885647417103,0.620050922690623
0,0.4683049076895917,0.09725087697778614,0.24835311317402092
1,0.11273794123573726,0.4139136701102331,0.7028748597997304
0,0.6572676903047773,-0.19928005491459203,0.0925704935399329
1,-0.6470535263827593,0.6693924713925414,0.504152843713742
0,0.1712435451522125,0.7386070289928207,0.05499525949361281
0,0.03890870585621503,1.304213891849503,0.1919855509416069
0,0.6265642507453606,0.10481160807228165,0.23280688387867762
0,-1.5579985281833963,-1.9138007046699812,-0.8916384656247277
1,-0.5070347697653375,-2.285499448789645,0.06643754361549192
0,0.8449956030008372,-1.6018409520745176,-0.002065466059117907
0,-0.675593827630063,-0.0379070611841362,-0.24846337264244334
0,-0.9933613754231354,-0.15730528828056567,-0.376527441594402
1,2.042072149826954,0.27623985201997375,1.1865666761734095
0,0.03811800017940036,-0.6252459225571738,-0.2191669133218329
0,-0.5789181399432078,-0.7364911715057483,-0.26141248095465713
0,-1.6923704374741084,0.5550479424104341,-0.5342317377546932
1,0.7293463462804262,0.6559244113725019,0.9122898057547022
0,0.6991361537186938,-0.2566501354804808,0.14195134582147068
0,-0.29875960056993595,-0.0384766582389533,-0.05586186000964494
1,-1.1022301909070906,0.40431434332899113,0.14893521885987465
0,-0.024549423642379036,0.5043435751629946,0.11800240864869693
1,-0.8358560674816213,-1.1439806995987403,0.26168181398703094
1,-0.9420935888731159,-0.7195738559179508,0.027735476908408628
0,-0.10321275146170758,-1.2305460456453867,-0.24533304853468718
1,-1.0513903986600646,-0.5069066148368306,0.23375825241034537
0,0.24664895525244618,0.8123335893418311,0.3126318189301135
0,0.6079925094063973,0.5462718669437655,0.33484067462513534
0,-0.8396324471731914,-1.0980979603625587,-0.5728782534765884
0,-1.3682450953383907,0.5122667268259818,-0.43577902046598593
0,1.561279598955807,0.08584310534245199,0.49089574482347836
1,-0.9402702359572048,-0.4939267070859207,0.0728100022643342
1,-0.6599427051023377,-1.4064596551036312,0.018819436071043343
1,0.21301716742988736,-0.17482337161776695,0.5495061433073645
0,0.599369372522297,0.6799440061159555,0.24815682909559172
1,-0.2563168936896428,-2.1630976483961257,0.03989570481527393
0,0.46079432770125556,-0.3961231977514495,0.24486927761919702
0,-0.400986157896401,2.2542836988049624,0.22962679365402783
0,-0.9711706648243907,0.6726367185680938,-0.20377849158578953
0,1.4263168607870274,0.259832495003476,0.47490049136880363
0,2.488441614331128,-0.7371851695709141,0.7131414177792147
1,1.6959695330141693,-0.6783298378739697,0.7544866922612866
0,0.14180663915345446,-0.08328839569996337,-0.08063049783236449
1,1.8334353618156785,1.602863629377136,1.1542372331384945
1,0.35570351572398445,0.4655891908949305,0.6557926715747965
0,-0.47728627040322935,-0.8721583977708226,-0.24960298407295006
1,0.46637957438197886,1.1767869623838638,0.9817937356891805
1,-0.09439250641118496,-0.2925942071580907,0.4488787727757996
1,-0.9831181837457077,1.6973464810139491,0.48443814314083194
0,-0.898321971432016,-0.5666030246377041,-0.31217003498690826
1,0.8020517387405159,-1.003265756903889,0.5603942293029887
0,-1.846531981664673,0.17462957781357,-0.711104238829681
0,0.6041367404426842,0.982326983800298,0.25489693563131094
1,-1.6295836027484383,1.0374447967309102,0.3698004090412803
1,-2.121176444902436,0.15919176666881152,-0.07229407183944124
1,-1.8388466037584985,-0.9880966879686112,-0.3867527575721297
1,1.9667639719347398,-0.5053407218978849,1.0709563580070234
1,-0.196233964943542,-2.0182818683542165,0.143616932822358
1,0.08658318016541909,-0.9131215375688202,0.29984724358989245
0,1.4192550459109512,-0.17845681489726312,0.4558533604325113
1,0.9341797484997248,0.38900214065347916,0.4840442888854353
1,-1.3915052694042196,-0.3394543214647791,0.11201523440459406
0,0.8690063428187611,-0.05697905497773967,0.36682163104206794
1,0.1841812647035463,-0.39618544474981693,0.3635470189847272
0,-0.3416780975958806,0.7510253041897702,0.07591017151072033
0,0.024290914137780388,-0.8991129384265388,-0.20634736774871754
0,1.279812020628022,0.8375479141463265,0.5412002409405892
1,-0.8859664820409529,1.9608808125139106,0.5838981734369895
1,0.40088567910412115,0.4727896560219311,0.5815940882501405
0,-0.009657236532908346,-0.5270916102240418,0.08072487730348468
1,-1.7971646153956184,-0.5362701440867851,-0.17743449839396422
1,-0.8022531717308108,1.2098372221840976,0.5117669973437993
0,0.19321355323369646,-1.1265894258719975,-0.26829387722943376
1,1.2973420890928906,-0.953804420272564,0.5947550265609198
